epoch,zaman_sn,train_box_loss,train_cls_loss,train_dfl_loss,val_box_loss,val_cls_loss,val_dfl_loss,precision,recall,mAP50,mAP50_95,f1,lr
0,45.0,0.0,0.0,0.0,2.82706,4.21054,1.57089,0.08659,0.31717,0.05755,0.01293,0.13604,0.00032917
1,21.1,0.0,0.0,0.0,3.01555,3.84264,1.62891,0.08489,0.23161,0.04608,0.01001,0.124242,0.00066243
2,31.8,0.0,0.0,0.0,2.77768,2.95929,1.55667,0.08216,0.27976,0.05288,0.01249,0.127017,0.0009954
3,42.3,0.0,0.0,0.0,2.85776,3.3429,1.56,0.10155,0.34383,0.07576,0.0173,0.156792,0.00099902
4,50.0,0.0,0.0,0.0,2.80522,4.07935,1.58177,0.1144,0.27283,0.07346,0.0169,0.161205,0.00099826
5,35.1,0.0,0.0,0.0,2.75508,2.38656,1.49191,0.14085,0.29918,0.10313,0.02367,0.19153,0.00099729
6,15.6,0.0,0.0,0.0,2.84448,3.4354,1.59254,0.34359,0.24697,0.07282,0.01572,0.287376,0.0009961
7,18.3,0.0,0.0,0.0,2.84108,2.31534,1.58696,0.14886,0.27168,0.09028,0.02233,0.192335,0.00099469
8,16.0,0.0,0.0,0.0,2.84249,2.26043,1.5749,0.29695,0.25831,0.13395,0.03183,0.276286,0.00099307
9,17.9,0.0,0.0,0.0,2.73334,2.31848,1.49799,0.21299,0.32001,0.1404,0.03417,0.255756,0.00099123
10,16.2,0.0,0.0,0.0,2.75721,2.26834,1.51808,0.15886,0.3347,0.10753,0.0262,0.215457,0.00098918
11,19.1,0.0,0.0,0.0,2.69327,2.59358,1.47872,0.16388,0.27349,0.11003,0.02694,0.20495,0.00098692
12,18.2,0.0,0.0,0.0,2.65912,2.34553,1.47323,0.1892,0.28964,0.12906,0.03193,0.228886,0.00098445
13,18.9,0.0,0.0,0.0,2.68754,2.3013,1.48191,0.15721,0.30319,0.11417,0.02864,0.207057,0.00098177
14,16.7,0.0,0.0,0.0,2.71916,2.27514,1.50279,0.17431,0.36196,0.14244,0.03518,0.235304,0.00097887
15,18.2,0.0,0.0,0.0,2.72282,2.21275,1.49227,0.18764,0.30452,0.12967,0.03294,0.232201,0.00097577
16,16.7,0.0,0.0,0.0,2.73356,2.65639,1.49028,0.18484,0.29304,0.12538,0.03017,0.226691,0.00097247
17,17.8,0.0,0.0,0.0,2.76411,2.82476,1.48552,0.14719,0.24559,0.10201,0.02374,0.184064,0.00096895
18,16.6,0.0,0.0,0.0,2.70305,2.26289,1.4903,0.20332,0.32205,0.15862,0.03912,0.249269,0.00096524
19,19.1,0.0,0.0,0.0,2.71418,2.32199,1.49718,0.2246,0.31966,0.14016,0.03416,0.263828,0.00096132
20,17.4,0.0,0.0,0.0,2.67158,2.44055,1.46331,0.21568,0.32547,0.15716,0.03922,0.259438,0.00095721
21,18.5,0.0,0.0,0.0,2.67937,2.4343,1.47714,0.11769,0.24333,0.07952,0.02054,0.158648,0.00095289
22,17.5,0.0,0.0,0.0,2.70141,2.23605,1.47302,0.19511,0.30863,0.13986,0.03476,0.239079,0.00094838
23,18.4,0.0,0.0,0.0,2.72456,2.23852,1.5125,0.18172,0.25921,0.12279,0.03107,0.213656,0.00094367
24,19.0,0.0,0.0,0.0,2.63593,2.27255,1.44778,0.20649,0.33027,0.1629,0.04163,0.254108,0.00093877
25,18.1,0.0,0.0,0.0,2.73297,2.1754,1.49526,0.17833,0.32941,0.13144,0.03302,0.231393,0.00093368
26,18.8,0.0,0.0,0.0,2.68067,2.63602,1.46588,0.15467,0.27196,0.10991,0.02672,0.197192,0.00092841
27,17.4,0.0,0.0,0.0,2.70386,2.4024,1.48655,0.188,0.29457,0.13647,0.03272,0.229518,0.00092294
28,18.2,0.0,0.0,0.0,2.67284,2.53761,1.45295,0.1908,0.30397,0.12405,0.03107,0.234442,0.0009173
29,16.9,0.0,0.0,0.0,2.63435,2.28786,1.4315,0.20452,0.31664,0.14881,0.03837,0.24852,0.00091147
30,18.5,0.0,0.0,0.0,2.67088,2.37594,1.46327,0.19519,0.26229,0.13484,0.03314,0.223819,0.00090546
31,16.9,0.0,0.0,0.0,2.6938,2.29384,1.46137,0.15754,0.28393,0.11869,0.02898,0.202643,0.00089928
32,18.5,0.0,0.0,0.0,2.69476,2.12646,1.47969,0.20921,0.30288,0.16796,0.04167,0.247478,0.00089293
33,18.0,0.0,0.0,0.0,2.71972,2.19221,1.50066,0.16908,0.34327,0.13988,0.03499,0.226564,0.0008864
34,18.8,0.0,0.0,0.0,2.68172,2.20538,1.465,0.22367,0.31205,0.1544,0.03776,0.26057,0.00087971
35,18.1,0.0,0.0,0.0,2.69186,2.25261,1.47424,0.20184,0.32662,0.14044,0.0357,0.249498,0.00087286
36,18.8,0.0,0.0,0.0,2.69726,2.25945,1.45508,0.20506,0.28091,0.14309,0.03523,0.237066,0.00086584
37,19.4,0.0,0.0,0.0,2.67587,2.21737,1.46,0.21244,0.3166,0.16146,0.04056,0.254266,0.00085866
38,17.9,0.0,0.0,0.0,2.65291,2.1501,1.45165,0.21262,0.32097,0.15741,0.03967,0.255794,0.00085133
39,19.4,0.0,0.0,0.0,2.67711,2.30353,1.44763,0.24236,0.3232,0.17205,0.04169,0.277002,0.00084385
40,17.3,0.0,0.0,0.0,2.64643,2.56634,1.43851,0.19066,0.24268,0.12882,0.03184,0.213548,0.00083622
41,18.5,0.0,0.0,0.0,2.66311,2.17695,1.45978,0.19278,0.38293,0.15796,0.03889,0.256453,0.00082844
42,17.2,0.0,0.0,0.0,2.67781,2.21033,1.45578,0.21751,0.3156,0.16841,0.04212,0.257531,0.00082052
43,19.1,0.0,0.0,0.0,2.65948,2.21725,1.44851,0.23789,0.34746,0.18432,0.04766,0.28242,0.00081247
44,17.8,0.0,0.0,0.0,2.65987,2.10464,1.45246,0.25404,0.32833,0.18594,0.04685,0.286447,0.00080428
45,18.9,0.0,0.0,0.0,2.6324,2.18212,1.43485,0.2442,0.30157,0.1698,0.0433,0.26987,0.00079595
46,17.5,0.0,0.0,0.0,2.67322,2.19587,1.44544,0.24949,0.324,0.18962,0.04799,0.281905,0.0007875
47,18.7,0.0,0.0,0.0,2.66159,2.13006,1.45213,0.23993,0.32381,0.18005,0.0459,0.27563,0.00077893
48,19.9,0.0,0.0,0.0,2.67058,2.23568,1.45708,0.24387,0.30657,0.17256,0.04225,0.271649,0.00077023
49,17.1,0.0,0.0,0.0,2.67278,2.32079,1.46519,0.19995,0.29094,0.1448,0.03665,0.237012,0.00076142
50,18.5,0.0,0.0,0.0,2.65414,2.32926,1.42976,0.237,0.29337,0.1696,0.04124,0.262189,0.0007525
51,16.3,0.0,0.0,0.0,2.65999,2.10144,1.45724,0.2538,0.329,0.183,0.04598,0.286548,0.00074347
52,18.7,0.0,0.0,0.0,2.66336,2.10825,1.43151,0.27731,0.29999,0.18689,0.04527,0.288204,0.00073433
53,16.4,0.0,0.0,0.0,2.66503,2.17357,1.44838,0.23139,0.28989,0.17346,0.04216,0.257357,0.00072509
54,19.2,0.0,0.0,0.0,2.64031,2.14278,1.42986,0.20995,0.3034,0.16485,0.03947,0.248169,0.00071576
55,16.3,0.0,0.0,0.0,2.65327,2.21511,1.4387,0.22935,0.28485,0.15722,0.03869,0.254105,0.00070633
56,19.4,0.0,0.0,0.0,2.63415,2.11965,1.44144,0.21577,0.32754,0.17067,0.04287,0.260158,0.00069682
57,16.4,0.0,0.0,0.0,2.62704,2.07628,1.43346,0.27796,0.33549,0.20747,0.05161,0.304027,0.00068722
58,18.8,0.0,0.0,0.0,2.65838,2.17065,1.43995,0.20793,0.30567,0.16173,0.0398,0.2475,0.00067754
59,15.9,0.0,0.0,0.0,2.6505,2.16222,1.43118,0.19108,0.27199,0.15275,0.03798,0.224466,0.00066779
60,18.5,0.0,0.0,0.0,2.65604,2.37807,1.44219,0.22595,0.25316,0.14403,0.03617,0.238782,0.00065796
61,16.2,0.0,0.0,0.0,2.64397,2.13762,1.43765,0.2473,0.30159,0.1824,0.04606,0.27176,0.00064807
62,18.7,0.0,0.0,0.0,2.62342,2.23317,1.41875,0.23963,0.31905,0.17943,0.04473,0.273695,0.00063812
63,16.1,0.0,0.0,0.0,2.63795,2.10098,1.43524,0.23893,0.32899,0.1858,0.04647,0.276819,0.0006281
64,18.7,0.0,0.0,0.0,2.64906,2.14429,1.44599,0.27237,0.31175,0.20368,0.05125,0.290733,0.00061803
65,16.6,0.0,0.0,0.0,2.67946,2.06575,1.46081,0.28606,0.3392,0.2209,0.05458,0.310372,0.00060792
66,18.5,0.0,0.0,0.0,2.64885,2.22759,1.44094,0.2607,0.30852,0.18408,0.04611,0.282601,0.00059775
67,17.0,0.0,0.0,0.0,2.64587,2.07479,1.4374,0.2961,0.311,0.21004,0.05458,0.303367,0.00058755
68,18.6,0.0,0.0,0.0,2.6425,2.19625,1.43297,0.25596,0.30437,0.18129,0.04561,0.278074,0.00057731
69,16.8,0.0,0.0,0.0,2.62911,2.24598,1.42676,0.25945,0.27572,0.16781,0.04126,0.267338,0.00056704
70,18.5,0.0,0.0,0.0,2.63606,2.07496,1.43648,0.24564,0.31625,0.18515,0.04758,0.276508,0.00055674
71,16.2,0.0,0.0,0.0,2.64581,2.29637,1.43511,0.25257,0.30747,0.17617,0.04419,0.277329,0.00054642
72,18.5,0.0,0.0,0.0,2.62995,2.12185,1.42574,0.25586,0.29092,0.18133,0.04596,0.272266,0.00053608
73,16.7,0.0,0.0,0.0,2.6485,2.12215,1.43867,0.23305,0.32771,0.1784,0.04342,0.27239,0.00052573
74,18.6,0.0,0.0,0.0,2.62478,2.08506,1.42378,0.25123,0.3276,0.20619,0.0514,0.284377,0.00051537
75,16.2,0.0,0.0,0.0,2.62093,2.30045,1.4161,0.2289,0.27805,0.16417,0.0402,0.251092,0.000505
76,18.3,0.0,0.0,0.0,2.67849,2.06669,1.46498,0.26636,0.33144,0.19354,0.04862,0.295358,0.00049463
77,16.4,0.0,0.0,0.0,2.65204,2.15105,1.43476,0.25225,0.31552,0.18344,0.04654,0.28036,0.00048427
78,18.2,0.0,0.0,0.0,2.66299,2.21086,1.44976,0.27932,0.31177,0.19176,0.04837,0.294654,0.00047392
79,16.6,0.0,0.0,0.0,2.64198,2.13105,1.42836,0.24758,0.3227,0.18777,0.04569,0.280192,0.00046358
80,18.5,0.0,0.0,0.0,2.64436,2.22224,1.4293,0.26657,0.30757,0.17916,0.04442,0.285606,0.00045326
80,23.2,0.0,0.0,0.0,0.0,0.0,0.0,0.296905,0.309747,0.210091,0.054376,0.30319,0.00045326
